clean-architecture	software-design/architecture/clean-architecture.md
cqrs-(command-query-responsibility-segregation)	software-design/architecture/cqrs-(command-query-responsibility-segregation).md
ddd-(domain-driven-design)	software-design/architecture/ddd-(domain-driven-design).md
event-driven	software-design/architecture/event-driven.md
hexagonal	software-design/architecture/hexagonal.md
layered	software-design/architecture/layered.md
microservices	software-design/architecture/microservices.md
mvc	software-design/architecture/mvc.md
mvp	software-design/architecture/mvp.md
mvvm	software-design/architecture/mvvm.md
server-architecture	software-design/architecture/server-architecture.md
chain-of-responsibility	software-design/design-patterns/behavioral/chain-of-responsibility.md
command	software-design/design-patterns/behavioral/command.md
interpreter	software-design/design-patterns/behavioral/interpreter.md
iterator	software-design/design-patterns/behavioral/iterator.md
mediator	software-design/design-patterns/behavioral/mediator.md
memento	software-design/design-patterns/behavioral/memento.md
observer	software-design/design-patterns/behavioral/observer.md
state	software-design/design-patterns/behavioral/state.md
strategy	software-design/design-patterns/behavioral/strategy.md
template-method	software-design/design-patterns/behavioral/template-method.md
visitor	software-design/design-patterns/behavioral/visitor.md
active-object	software-design/design-patterns/concurrency/active-object.md
half-sync-and-half-async	software-design/design-patterns/concurrency/half-sync-and-half-async.md
leader-followers	software-design/design-patterns/concurrency/leader-followers.md
producer-consumer	software-design/design-patterns/concurrency/producer-consumer.md
thread-pool	software-design/design-patterns/concurrency/thread-pool.md
abstract-factory	software-design/design-patterns/creational/abstract-factory.md
builder	software-design/design-patterns/creational/builder.md
factory-method	software-design/design-patterns/creational/factory-method.md
prototype	software-design/design-patterns/creational/prototype.md
singleton	software-design/design-patterns/creational/singleton.md
designpattern	software-design/design-patterns/designpattern.md
dependency-injection	software-design/design-patterns/etc/dependency-injection.md
event-bus	software-design/design-patterns/etc/event-bus.md
lazy-initialization	software-design/design-patterns/etc/lazy-initialization.md
mutation	software-design/design-patterns/etc/mutation.md
null-object	software-design/design-patterns/etc/null-object.md
object-pool	software-design/design-patterns/etc/object-pool.md
service-locator	software-design/design-patterns/etc/service-locator.md
adapter	software-design/design-patterns/structural/adapter.md
bridge	software-design/design-patterns/structural/bridge.md
composite	software-design/design-patterns/structural/composite.md
decorator	software-design/design-patterns/structural/decorator.md
facade	software-design/design-patterns/structural/facade.md
flyweight	software-design/design-patterns/structural/flyweight.md
proxy	software-design/design-patterns/structural/proxy.md
디자인패턴-moc	software-design/design-patterns/디자인패턴-moc.md
api-gateway	software-design/distributed-systems/api-gateway.md
circuit-breaker	software-design/distributed-systems/circuit-breaker.md
service-discovery	software-design/distributed-systems/service-discovery.md
active-record	software-design/enterprise-application/active-record.md
dao-(data-access-object)	software-design/enterprise-application/dao-(data-access-object).md
data-mapper	software-design/enterprise-application/data-mapper.md
identity-map	software-design/enterprise-application/identity-map.md
repository	software-design/enterprise-application/repository.md
service-layer	software-design/enterprise-application/service-layer.md
unit-of-work	software-design/enterprise-application/unit-of-work.md
css	frontend/css/css.md
flexbox	frontend/css/flexbox.md
grid	frontend/css/grid.md
html	frontend/html/html.md
semantic-tag	frontend/html/semantic-tag.md
functional-programming	frontend/javascript/functional/functional-programming.md
lodash-fp-(library)	frontend/javascript/functional/lodash-fp-(library).md
javascript	frontend/javascript/javascript.md
closure	frontend/javascript/language/scope/closure.md
context	frontend/javascript/language/scope/context.md
dynamic-scope	frontend/javascript/language/scope/dynamic-scope.md
hoisting	frontend/javascript/language/scope/hoisting.md
lexical-scope	frontend/javascript/language/scope/lexical-scope.md
debouncing-throttling	frontend/javascript/optimization/debouncing-throttling.md
상황별-최적화-기법	frontend/javascript/optimization/상황별-최적화-기법.md
jwt	security/auth/jwt.md
cookie-session-local-and-session-storage	security/cookie-session-local-and-session-storage.md
computer-basic-configuration	systems/computer-basic-configuration.md
osi-7-layer-(osi-7-계층)	systems/network/osi-7-layer-(osi-7-계층).md
tcp-and-ip	systems/network/tcp-and-ip.md
erd	database/erd.md
readme	meta/readme.md
리처드-파인만의-공부법	meta/study-method/리처드-파인만의-공부법.md
파레토-법칙-적용하기	meta/study-method/파레토-법칙-적용하기.md
테스트-종류와-순서	test/테스트-종류와-순서.md
